Year_RB,Name,Height,Weight (in),40,Bench Press,Vert,Broad Jump,Shuttle Run,3Cone
2024,Rasheen Ali,71.38,206,,,,,,
2024,Braelon Allen,73,235,,26,32,117,,
2024,Emani Bailey,67.38,202,4.61,,33.5,116,,
2024,Trey Benson,72.38,216,4.39,,33.5,122,,
2024,Jonathon Brooks,72,216,,,,,,
2024,Blake Corum,67.63,205,4.53,27,35.5,,,
2024,Isaiah Davis,71.75,218,4.57,23,34.5,119,,
2024,Ray Davis,68.38,211,4.52,,35,119,,
2024,Daijun Edwards,69.75,207,,,,114,,
2024,Audric Estime,71.25,221,4.71,23,38,125,,
2024,Frank Gore,67.75,201,,12,,,,
2024,Isaac Guerendo,71.75,221,4.33,,41.5,129,,
2024,George Holani,70.25,208,4.52,24,39,127,,
2024,Bucky Irving,69.13,192,4.55,,29.5,115,,
2024,Dillon Johnson,71.75,217,4.68,,31.5,117,,
2024,Jawhar Jordan,69.63,193,4.56,,,,,
2024,Dylan Laube,69.75,206,4.54,23,37,118,,
2024,MarShawn Lloyd,69.13,220,4.46,25,36,118,,
2024,Jase McClellan,69.75,221,,20,,,,
2024,Kendall Milton,73.63,225,4.62,18,35.5,124,,
2024,Keilan Robinson,68.38,191,4.42,,33,125,,
2024,Cody Schrader,68.63,202,4.61,,33,,,
2024,Will Shipley,71.25,206,,,,,,
2024,Jaden Shirden,67.5,187,4.45,,34.5,117,,
2024,Tyrone Tracy,70.88,209,4.48,,40,124,,
2024,Kimani Vidal,67.63,213,4.46,18,37.5,120,,
2024,Michael Wiley,70.63,210,4.51,,33.5,119,,
2024,Miyan Williams,68.63,229,,,,,,
2024,Jaylen Wright,70.63,210,4.38,,38,134,,
2023,Israel Abanikanda,70.13,216,,,,,,
2023,Devon Achane,68.5,188,4.32,,33,,,
2023,Tank Bigsby,71.63,215,4.56,21,32.5,119,,
2023,Chase Brown,69.5,209,4.43,25,40,127,,
2023,Zach Charbonnet,72.38,222,4.53,18,37,122,4.46,7.16
2023,Travis Dye,70,210,4.82,16,27,107,,
2023,Tiyon Evans,69.5,225,4.52,,30.5,,,
2023,Zach Evans,71.13,202,,,,,,
2023,Jahmyr Gibbs,69.13,199,4.36,,33.5,,,
2023,Eric Gray,69.5,207,,,37.5,118,,
2023,Evan Hull,70.13,209,4.47,21,37,123,4.38,6.9
2023,Mohamed Ibrahim,67.75,203,,,,,,
2023,Roschon Johnson,72.38,225,4.58,,31.5,122,,
2023,DeWayne McBride,70.38,215,,20,,,,
2023,Kenny McIntosh,72.25,216,4.62,,32.5,113,4.69,7.69
2023,Kendre Miller,71.13,215,,,,,,
2023,Keaton Mitchell,67.88,179,4.37,,38,126,,
2023,Camerun Peoples,73.38,217,4.61,,37,121,,
2023,Deneric Prince,71.75,216,4.41,,35.5,124,,
2023,Bijan Robinson,71,215,4.46,,37,124,,
2023,Chris Rodriguez,71.63,217,4.52,19,33,114,4.31,
2023,Tyjae Spears,69.63,201,4.54,18,39,125,4.32,7.27
2023,Tavion Thomas,72.38,237,4.74,19,30,118,4.69,
2023,SaRodorick Thompson,71.5,207,4.67,,32.5,120,4.7,7.25
2023,Sean Tucker,69.25,207,,,,,,
2023,Deuce Vaughn,65,179,,17,35.5,116,,
2022,Tyler Allgeier,70.75,224,4.6,,33,120,,
2022,Tyler Badie,68,197,4.45,,33.5,121,,
2022,Greg Bell,70.5,201,,17,31,120,,
2022,Max Borghi,69.38,210,,20,,,,
2022,Kennedy Brooks,70.63,209,4.59,14,31,120,4.4,7.03
2022,Leddie Brown,72.13,213,4.64,,30,118,,
2022,Ty Chandler,71.25,204,4.38,,31,121,,
2022,Snoop Conner,70.13,222,4.59,25,29.5,118,,
2022,James Cook,71,199,4.42,,33,124,,
2022,Jashaun Corbin,71.13,202,,,,,,
2022,Tyrion Davis-Price,72.38,211,4.48,,30,117,,
2022,Jerrion Ealy,68.13,189,4.52,,34.5,128,,
2022,Trestan Ebner,70.75,206,4.43,,30,,,
2022,Jerome Ford,70.5,210,4.46,,31,118,,
2022,Tyler Goodson,69,197,4.42,,36.5,123,,
2022,Breece Hall,71.25,217,4.39,,40,126,,
2022,Kevin Harris,69.88,221,,21,38.5,126,,
2022,Hassan Haskins,73.75,228,,27,,,,
2022,Keaontay Ingram,71.75,221,4.53,,34.5,122,,
2022,Zonovan Knight,70.88,209,4.58,,31,114,,
2022,Sincere McCormick,68.5,205,4.6,,33.5,116,,
2022,Isaih Pacheco,70.25,216,4.37,,33,118,,
2022,Dameon Pierce,69.63,218,4.59,21,34.5,119,,
2022,DVonte Price,73.38,210,4.38,,34,119,,
2022,Ronnie Rivers,67.5,195,4.6,,36.5,119,,
2022,Brian Robinson,73.63,225,4.53,,30,119,,
2022,Abram Smith,71.63,213,,,,,,
2022,Isaiah Spiller,72.38,217,,,30,114,,
2022,Pierre Strong,71.38,207,4.37,,36,124,,
2022,CJ Verdell,67.75,194,,,29.5,118,,
2022,Kenneth Walker,69.25,211,4.38,,34,122,,
2022,Jaylen Warren,68,204,4.55,,31.5,119,,
2022,Rachaad White,72.38,214,4.48,,38,125,,
2022,Zamir White,71.75,214,4.4,,33.5,128,,
2022,ZaQuandre White,72.13,206,,,,,,
2022,Kyren Williams,69.25,194,4.65,,32,116,,
2021,Otis Anderson,67.5,179,4.65,11,36,113,4.42,7.04
2021,Rakeem Boyd,71.38,213,4.7,6,32.5,98,4.38,7.22
2021,Gary Brightwell,70.75,218,4.62,17,34.5,118,4.48,7.51
2021,Spencer Brown,70.38,208,4.64,74,36.5,121,4.39,7.38
2021,Michael Carter,67.88,201,4.54,16,34,119,3.98,6.83
2021,Gerrid Doaks,71.38,228,4.58,19,39.5,120,4.28,7.21
2021,BJ Emmons,71.38,215,4.59,21,36,120,4.14,6.89
2021,Travis Etienne,70.13,215,4.45,18,33.5,128,,
2021,Chris Evans,71,211,4.52,20,40.5,127,4.14,6.85
2021,Demetric Felton,68.63,189,4.59,10,31.5,114,4.5,7.31
2021,Jake Funk,70.25,204,4.49,22,38,122,4.12,6.71
2021,Kenneth Gainwell,68.38,201,4.47,21,35,121,4.46,7.26
2021,JaQuan Hardy,68.25,211,4.56,21,33,119,4.14,6.98
2021,Najee Harris,73.38,232,,,,117,,
2021,Javian Hawkins,68.13,183,4.46,,36,116,4.25,6.95
2021,Justin Henderson,67.75,220,4.65,26,32,118,4.59,7.22
2021,Khalil Herbert,68.88,210,4.5,22,33,115,4.34,6.9
2021,Kylin Hill,70.5,214,4.57,22,36,122,4.35,7.2
2021,Chuba Hubbard,72,210,4.51,20,36,120,4.3,7.28
2021,Deon Jackson,71,218,4.42,18,36,123,4.4,7.14
2021,Josh Johnson,68.88,209,4.61,22,35.5,115,4.4,7.16
2021,CJ Marable,66.88,195,4.58,17,36,116,4.34,7.32
2021,Jah-Maine Martin,69.13,203,,,,127,,
2021,Greg McCrae,69.88,182,4.54,,37.5,124,4.37,6.88
2021,Nate McCrary,72.25,213,4.52,19,34,123,4.19,6.94
2021,Elijah Mitchell,70.25,201,4.35,17,37.5,128,4.2,6.94
2021,Trey Ragas,70.13,218,4.63,23,33.5,117,4.5,7.15
2021,Asim Rose,73,215,4.53,24,34,120,4.62,7.26
2021,Larry Rountree,70.63,211,4.7,18,30,108,4.47,6.96
2021,Mekhi Sargent,68.38,208,4.69,18,33.5,113,4.3,7.08
2021,Trey Sermon,72.38,215,4.61,,37,125,4.3,6.84
2021,Rhamondre Stevenson,71.63,231,4.64,15,31.5,112,4.15,7.09
2021,Javonte Williams,69.63,212,4.57,22,36,123,4.09,6.93
2021,Pooka Williams,69.63,170,4.46,4,31.5,118,4.26,7.03
2020,Salvon Ahmed,70.88,197,4.62,,34.5,120,,
2020,Cam Akers,70.38,217,4.47,20,35.5,122,4.42,
2020,Darius Anderson,70.5,208,4.61,19,36,128,4.19,
2020,Levante Bellamy,68.88,192,4.5,16,39.5,125,,
2020,Eno Benjamin,68.88,207,4.57,12,39,122,4.25,6.97
2020,Lynn Bowden,70.63,204,,13,,,,
2020,Raymond Calais,67.88,188,4.42,20,37.5,120,,
2020,DeeJay Dallas,70.13,217,4.58,,33.5,119,4.32,7.18
2020,A.J. Dillon,72.38,247,4.53,23,41,131,,7.19
2020,J.K. Dobbins,69.5,209,,23,,,,
2020,Rico Dowdle,72,215,4.54,,38,127,,
2020,Clyde Edwards-Helaire,67.25,207,4.6,15,39.5,123,,
2020,Darrynton Evans,70.13,203,4.41,20,37,125,,
2020,Antonio Gibson,72.38,228,4.39,16,35,118,,
2020,JaMycal Hasty,68,205,4.55,15,39,123,4.03,
2020,Brian Herrien,71.13,209,4.62,18,38.5,126,4.4,7.12
2020,Joshua Kelley,70.63,212,4.49,23,31,121,4.28,6.95
2020,Javon Leake,72.13,215,4.65,,34,125,,
2020,Benny LeMay,68.13,221,4.75,24,28.5,112,,
2020,Anthony McFarland,68.13,208,4.44,,29.5,116,,
2020,Zack Moss,69.38,223,4.65,19,33,,4.37,
2020,Sewo Olonilua,75,240,4.66,25,36,123,4.28,
2020,La'Mical Perine,70.75,216,4.62,22,35,118,4.31,7.13
2020,Malcolm Perry,69.5,186,4.63,10,36,122,4.31,7.12
2020,Scottie Phillips,68,211,4.56,29,30,114,4.53,7.4
2020,James Robinson,69,219,4.64,24,40,125,4.19,7.03
2020,D'Andre Swift,68.25,212,4.48,,35.5,121,,
2020,J.J. Taylor,66,185,4.61,19,34.5,118,4.15,7
2020,Jonathan Taylor,70.25,226,4.39,17,36,123,4.24,7.01
2020,Patrick Taylor,75,216,4.57,15,34,123,4.34,
2020,Ke'Shawn Vaughn,69.63,214,4.51,,32,117,,
2020,Michael Warren,69.13,226,,16,,,,
2019,Bruce Anderson,71.25,210,4.58,22,31,119,4.47,7.23
2019,Rodney Anderson,72.38,224,,25,,,,
2019,Ryquell Armstead,71.25,220,4.45,22,30,114,4.29,7.02
2019,Alex Barnes,72.38,226,4.59,34,38.5,126,4.1,6.95
2019,Nick Brossette,71.25,209,4.72,15,35.5,118,4.44,7.38
2019,Squally Canada,70.13,211,4.68,21,28,116,4.35,7.09
2019,Adam Choice,69.38,209,4.58,,32,118,4.44,7.27
2019,Damarea Crockett,69.75,225,4.5,21,37,119,4.32,7.43
2019,Taiwan Deal,72.25,226,,24,,,,
2019,Myles Gaskin,69.25,205,4.58,24,35.5,118,4.27,7.19
2019,Trayone Gray,73,233,4.45,22,32.5,121,4.6,7.45
2019,Damien Harris,70.13,216,4.57,16,37,121,,
2019,Darrell Henderson,68.38,208,4.49,22,33.5,121,4.41,7.03
2019,Karan Higdon,69.13,206,4.49,21,34,123,,
2019,Justice Hill,69.63,198,4.4,21,40,130,,
2019,Jonathan Hilliman,71.38,216,4.49,20,34.5,120,4.26,7.12
2019,Elijah Holyfield,70.38,217,4.78,26,29.5,118,,
2019,Travis Homer,70.38,201,4.48,17,39.5,130,4.31,7.07
2019,Josh Jacobs,70,220,4.64,18,35,112,,
2019,Chris James,69.63,215,4.67,19,34,117,4.23,7.11
2019,Ty Johnson,70.75,210,4.4,13,34.5,123,,
2019,Madre London,72.88,215,4.63,19,31.5,121,4.58,7.19
2019,Bryce Love,68.88,200,,18,,,,
2019,TaQuon Marshall,69.5,183,4.7,,31,106,4.3,7.26
2019,Alexander Mattison,70.88,221,4.67,22,35,127,4.29,7.13
2019,Travon McMillian,71.25,210,4.48,22,32,122,4.46,7.22
2019,David Montgomery,70.13,222,4.63,15,28.5,121,4.23,7.12
2019,Jalin Moore,70,212,,27,33,114,4.39,
2019,Qadree Ollison,72.63,228,4.58,19,29.5,114,4.31,7.53
2019,Devine Ozigbo,70.75,222,4.65,19,37,124,4.27,6.95
2019,Tony Pollard,71.63,210,4.52,13,35,121,4.37,7
2019,Miles Sanders,70.63,211,4.49,20,36,124,4.19,6.89
2019,Jordan Scarlett,70.38,208,4.47,21,30,116,4.63,7.37
2019,LJ Scott,72.38,227,4.7,21,33,120,4.34,7.27
2019,Devin Singletary,67.63,203,4.66,15,35,117,4.4,7.32
2019,Benny Snell,70.38,224,4.66,16,29.5,119,4.33,7.07
2019,Johnathan Thomas,70.75,217,4.41,19,39.5,128,4.22,6.84
2019,Darwin Thompson,68,198,4.55,23,39,126,4.3,6.93
2019,Xavier Turner,69.63,226,4.52,26,33.5,117,4.39,7.1
2019,Mike Weber,69.63,211,4.47,22,33.5,,4.32,7.34
2019,Kerrith Whyte,70,197,4.37,21,42,132,4.37,7.2
2019,Aeris Williams,71.63,215,4.8,,28.5,111,4.62,7.35
2019,Dexter Williams,71.13,212,4.57,17,36,130,4.16,7
2019,James Williams,69.5,197,4.58,15,36.5,118,4.25,7.01
2019,Trayveon Williams,68.13,206,4.51,19,33,121,4.44,7.44
2019,Kenny Young,66.63,177,4.49,16,35.5,121,4.4,7.14
2018,Josh Adams,73.63,213,4.51,18,34,122,,6.78
2018,Corey Avery,69.63,191,4.68,8,37,115,4.5,7.4
2018,Kalen Ballage,73.5,228,4.46,15,33.5,122,4.35,6.91
2018,Saquon Barkley,72,233,4.4,29,41,,4.24,
2018,Reggie Bonnafon,72.88,212,4.53,20,38,127,4.25,6.97
2018,Trenton Cannon,70.25,185,4.4,17,38.5,129,4.04,7.02
2018,Martez Carter,67,210,4.56,14,36,118,4.5,7.52
2018,Nick Chubb,70.88,227,4.52,29,38.5,128,4.25,7.09
2018,Lavon Coleman,70.75,215,4.65,23,33,120,4.35,7.16
2018,Justin Crawford,71.38,199,4.64,11,33.5,122,4.44,7.08
2018,Chase Edmonds,69.13,205,4.55,19,34,122,4.07,6.79
2018,Keith Ford,70.13,219,4.54,19,39,126,4.41,7.09
2018,Jarvion Franklin,71.5,239,4.63,18,30,109,4.31,6.93
2018,Royce Freeman,71.5,229,4.54,17,34,118,4.16,6.9
2018,Ryan Green,70.13,192,4.41,,38,122,4.11,6.9
2018,Derrius Guice,70.5,224,4.49,15,31.5,,,
2018,Kyle Hicks,69.63,204,4.63,13,36.5,122,4.2,7.12
2018,Nyheim Hines,68.38,198,4.38,11,35.5,119,4.35,7.18
2018,Gerald Holmes,72.13,221,4.63,17,35,128,4.38,7
2018,Ty Isaac,74.13,227,,,,,,
2018,Justin Jackson,71.63,199,4.52,13,38.5,122,4.07,6.81
2018,DErnest Johnson,70.63,200,4.81,20,30.5,117,4.34,7.23
2018,Kerryon Johnson,71.5,213,4.52,11,40,126,4.29,7.07
2018,Ronald Jones,71,205,4.65,,36.5,,,
2018,John Kelly,69.88,216,4.64,15,35,120,4.51,7.13
2018,Phillip Lindsay,67.25,184,4.39,14,35.5,124,4.31,7.12
2018,Robert Martin,71.25,210,4.6,19,32,114,4.57,7.02
2018,Sony Michel,70.63,214,4.54,22,,,4.21,
2018,Ryan Nall,74.13,232,4.58,15,33,122,4.16,6.95
2018,Rashaad Penny,71,220,4.46,13,32.5,120,,
2018,Kamryn Pettway,71.75,233,4.74,22,33.5,116,,
2018,Bo Scarbrough,73.38,228,4.52,14,40,129,4.34,
2018,Ito Smith,68.63,200,4.45,22,36.5,119,4.56,7.22
2018,Justin Stockton,68.88,201,4.45,19,34.5,124,4.13,6.88
2018,Terry Swanson,69.5,208,4.51,24,31.5,120,4.59,7.16
2018,Roc Thomas,70.13,198,4.56,16,35.5,125,4.45,7.07
2018,DeLance Turner,71.25,216,4.53,24,37,120,4.45,7.48
2018,Akrum Wadley,69.88,194,4.54,12,32,,4.39,
2018,Mark Walton,69.63,202,4.6,18,31.5,118,4.45,7
2018,Chris Warren,74,247,4.69,25,33,121,4.18,6.98
2018,Ralph Webb,69.25,202,4.49,27,36,122,4.15,7.13
2018,Jordan Wilkins,72.63,216,4.53,16,36,117,4.27,
2018,Darrel Williams,71.63,225,4.72,22,32,109,4.21,7.2
2018,David Williams,72.13,224,4.5,21,30.5,114,4.52,7.55
2018,Jeffrey Wilson,71.88,208,4.57,15,35,110,4.29,7.2
2018,Nick Wilson,69.63,199,4.59,14,29.5,111,4.26,7.22
2018,Shaun Wilson,68.38,185,4.46,17,37,119,4.15,6.9
2017,Aaron Bailey,72.25,233,4.5,,34,119,4.35,6.85
2017,Christopher Carson,72.25,218,4.58,23,37,130,4.28,7.53
2017,Devin Church,67,198,4.55,18,35,115,4.17,6.6
2017,Corey Clement,70.25,220,4.68,19,28.5,115,4.53,6.71
2017,Tarik Cohen,66.38,179,4.42,11,31.5,118,4.27,7.22
2017,James Conner,73.25,233,4.65,20,29,113,4.4,7.14
2017,Dalvin Cook,71.13,210,4.49,22,30.5,116,4.53,7.27
2017,Justin Davis,72.63,208,,21,30,115,4.32,6.75
2017,Matt Dayes,68.63,205,4.66,18,28,109,4.51,7.26
2017,Jela Duncan,68.88,214,,24,,,,
2017,Brionte Dunn,72,214,4.49,23,38,126,4.26,6.71
2017,Trey Edmunds,72.63,223,4.48,,35.5,122,,7.25
2017,Tarean Folston,69.25,214,4.76,20,33.5,115,4.2,6.93
2017,D'Onta Foreman,72.25,233,4.46,18,33,120,4.28,7.21
2017,Leonard Fournette,72.13,240,4.51,,28.5,,,
2017,King Frazier,71,213,4.67,22,32,112,4.33,7.13
2017,Wayne Gallman,72.25,215,4.6,21,29.5,120,4.28,7.17
2017,Derrick Green,70.25,220,4.76,15,29.5,111,4.4,7.12
2017,DeAngelo Henderson,67.5,208,4.48,20,34,120,4.57,7.26
2017,Brian Hill,72.63,219,4.54,15,34,125,4.32,7.03
2017,Elijah Hood,71.75,232,4.57,18,31.5,113,4.34,7.12
2017,Kareem Hunt,70.5,216,4.62,18,36.5,119,4.53,7.22
2017,Jordan Johnson,72.75,223,4.65,19,35.5,121,4.59,7.44
2017,Aaron Jones,69.13,208,4.56,16,37.5,127,4.2,6.82
2017,DeShawn Jones,71.25,203,,17,,,,
2017,Alvin Kamara,69.75,214,4.56,15,39.5,131,4.56,7.1
2017,Jojo Kemp,69.5,204,4.67,23,36.5,121,4.53,7.48
2017,T.J. Logan,69.13,196,4.37,17,33.5,121,4.43,6.61
2017,Marlon Mack,70.75,213,4.5,15,35.5,125,4.22,
2017,ITavius Mathers,70.88,203,4.46,21,32,122,4.36,7.17
2017,Devante Mays,70.38,230,4.52,22,40.5,129,4.53,7.43
2017,Christian McCaffrey,71.25,202,4.48,10,37.5,121,4.22,6.57
2017,Elijah McGuire,69.75,214,4.53,15,36,120,4.56,7.26
2017,Jeremy McNichols,68.63,214,4.49,,35.5,121,4.28,6.93
2017,Joe Mixon,72.75,226,4.45,21,35,118,4.27,7.1
2017,Taquan Mizzell,69.75,197,4.55,15,34,114,4.25,7
2017,Khalfani Muhammad,67.13,170,4.38,11,38.5,126,4.27,6.74
2017,Terrell Newby,69.38,204,4.53,,35,113,4.22,6.87
2017,Dare Ogunbowale,70.75,213,4.65,14,35,120,4.34,6.99
2017,Samaje Perine,70.63,233,4.65,30,33,116,4.37,7.26
2017,Donnel Pumphrey,68.25,176,4.48,5,33.5,117,4.46,
2017,Brandon Radcliff,69,206,4.55,24,29.5,117,4.38,7.68
2017,Devine Redding,68.25,205,4.76,16,30.5,116,4.46,7.18
2017,Alex Ross,72.63,205,4.62,12,35.5,122,4.48,7.12
2017,Rushel Shell,69.63,227,4.74,21,32.5,,4.08,7.09
2017,De'Veon Smith,70.88,223,4.85,22,29,108,4.56,7.3
2017,Jahad Thomas,69.63,190,4.62,11,32,116,4.52,7.26
2017,Justin Thomas,69.13,186,4.35,,32,115,4.14,7.19
2017,Anthony Wales,68.88,197,4.51,13,37.5,112,4.23,6.83
2017,Jamaal Williams,72,212,4.59,18,30,123,4.53,7.25
2017,Joe Williams,70.75,210,4.41,14,35,125,4.19,7.19
2017,Stanley Williams,67.13,190,4.43,18,36,121,4.18,6.86
2017,Joseph Yearby,68.75,185,4.67,13,31,107,4.35,7.35
2016,Peyton Barber,70,228,4.64,20,32.5,111,4.21,7
2016,Devontae Booker,70.75,219,,22,,,,
2016,Zac Brooks,71.88,199,4.49,18,36,129,4.38,7.09
2016,Tra Carson,71.25,227,4.64,19,37,115,4.27,7.1
2016,J.C. Coleman,66,189,4.55,19,37,117,4.27,7.02
2016,Alex Collins,70,217,4.59,18,28.5,113,,
2016,Marshaun Coprich,68,207,4.47,17,34,112,4.58,7.26
2016,Kenneth Dixon,70.13,215,4.56,18,37.5,121,4.28,6.97
2016,Kenyan Drake,72.63,210,4.45,10,34.5,123,4.21,7.04
2016,Ezekiel Elliott,71.75,225,4.47,,32.5,118,,
2016,Tyler Ervin,69.88,192,4.41,17,39,130,4.34,7.03
2016,Josh Ferguson,69.5,198,4.48,21,34.5,120,,
2016,Johnathan Gray,69.63,215,,,,,,
2016,Aaron Green,70.88,203,4.56,18,32.5,120,4.04,6.81
2016,Glenn Gronkowski,74.13,239,4.71,17,33,120,4.45,7.1
2016,Russell Hansbrough,67.88,192,4.63,17,30.5,114,4.56,7.43
2016,Derrick Henry,74.63,247,4.54,22,37,130,4.38,7.2
2016,Quayvon Hicks,72.88,259,,,,,,
2016,Jordan Howard,71.88,230,4.59,16,34,122,4.34,7.14
2016,Darius Jackson,72,220,4.4,20,41,133,4.29,6.87
2016,Andy Janovich,73,238,4.81,30,34,119,4.32,7.28
2016,Brandon Johnson,74,228,4.43,22,39.5,127,4.12,6.84
2016,Devon Johnson,72.5,238,4.61,,33,113,4.6,7.09
2016,Daniel Lasco,72.25,209,4.46,23,41.5,135,4.26,7.22
2016,Tre Madden,72.25,223,4.56,24,33.5,120,4.38,7.09
2016,Keith Marshall,71.38,219,4.31,25,30.5,,4.25,6.98
2016,Paul Perkins,70.38,208,4.54,19,32,124,,
2016,Christian Powell,71.25,229,4.68,15,34.5,116,4.38,7.21
2016,Shaquille Powell,69.13,210,4.63,23,31.5,116,4.23,7.07
2016,Jhurell Pressley,70.13,206,4.4,25,33.5,117,4.15,7.01
2016,C.J. Prosise,72.5,220,4.48,,35.5,121,4.42,7.19
2016,Keenan Reynolds,69.5,190,4.57,15,37,120,,
2016,Wendell Smallwood,70.5,208,4.47,14,33.5,120,4.28,6.83
2016,Kelvin Taylor,70.25,207,4.6,15,32,113,4.56,7.23
2016,Shadrach Thornton,71.63,217,4.75,12,31,116,4.21,6.85
2016,Soma Vainuku,71.5,246,4.68,26,32,108,4.46,7.2
2016,Dan Vitale,72.88,239,4.6,30,38.5,123,4.12,7.12
2016,Jaylen Walton,68,176,4.52,12,34.5,114,4.3,7.05
2016,DeAndre Washington,68.25,204,4.49,24,34.5,116,4.2,7.03
2016,Dwayne Washington,73,223,4.48,21,37.5,127,4.22,6.85
2016,Brandon Wilds,72.75,220,4.54,21,36.5,118,4.33,7.08
2016,Jonathan Williams,70.75,220,4.63,16,,,4.29,6.97
2016,Rodrick Williams,69.13,224,4.7,14,35,112,4.41,7.21
2015,Ameer Abdullah,68.75,205,4.6,24,42.5,130,3.95,6.79
2015,Malcolm Agnew,69.13,202,4.59,19,37,129,3.9,6.75
2015,Jay Ajayi,71.75,221,4.57,19,39,121,4.1,7.1
2015,Javorius Allen,72.5,221,4.53,11,35.5,121,4.28,6.96
2015,Cameron Artis-Payne,69.75,212,4.53,,36.5,118,4.25,7.13
2015,Bill Belton,68.88,204,4.55,15,35.5,122,4.43,7.19
2015,Joe Bergeron,72.13,235,4.62,17,31,110,4.34,7.25
2015,Dominique Brown,73.88,234,4.62,17,32.5,109,4.2,7.09
2015,Malcolm Brown,71.38,224,4.62,19,34.5,117,4.15,6.86
2015,Jesse Callier,70.25,202,4.53,18,32.5,114,4.45,7.24
2015,B.J. Catalon,67.38,186,4.57,20,36,114,4.15,6.9
2015,Jawon Chisholm,72.75,202,4.63,19,38,130,4.4,7.01
2015,David Cobb,70.88,229,4.59,17,38.5,121,4.55,7.01
2015,Tevin Coleman,71.38,206,4.59,22,,,,
2015,Tony Creecy,70.38,215,4.56,19,33,122,4.35,6.95
2015,John Crockett,71.75,217,4.62,15,40,125,4.25,7.15
2015,Mike Davis,69.13,217,4.61,17,34,116,4.18,7
2015,Synjyn Days,72.63,232,4.67,22,31,116,4.31,6.99
2015,Michael Dyer,68.5,218,4.58,26,34,120,,
2015,Jahwan Edwards,69.5,220,4.8,16,35.5,117,4.5,7.63
2015,Melvin Gordon,72.63,215,4.52,19,35,126,4.07,7.04
2015,Corey Grant,68.88,201,4.28,22,37,127,4.08,7
2015,Prince-Tyson Gulley,68,194,4.63,12,32,118,4.39,7.34
2015,Todd Gurley,72.63,222,4.52,17,,,,
2015,Alonzo Harris,73,243,4.56,15,36,127,4.51,7.18
2015,Dee Hart,67.5,199,4.8,,33,113,4.38,7.2
2015,Braylon Heard,69.63,198,4.63,19,30.5,116,4.4,7.19
2015,Joe Hill,70.38,183,4.3,9,34.5,116,4.59,7.25
2015,Keshawn Hill,69.75,211,4.59,30,35.5,115,4.41,7.12
2015,Nick Hill,65.75,197,4.4,21,32,115,4.21,7.07
2015,Kenny Hilliard,71.63,226,4.83,16,27,111,4.4,7.17
2015,Akeem Hunt,69.75,189,4.38,14,37.5,122,4.07,6.71
2015,Jordon James,68.5,194,4.43,18,34.5,131,4.39,7.24
2015,David Johnson,72.63,224,4.5,25,41.5,127,4.27,6.82
2015,Duke Johnson,69.13,207,4.54,18,33.5,121,4.16,6.88
2015,Gus Johnson,69.63,215,4.7,26,36.5,120,4.13,7.09
2015,Matt Jones,74.38,231,4.61,20,31.5,112,4.2,6.84
2015,Terris Jones-Grigsby,66.88,198,4.56,21,36,117,4.46,7.04
2015,Marlin Lane,71.63,210,4.59,,35,114,4.2,7.12
2015,Jeremy Langford,71.63,208,4.42,19,34.5,118,4.32,7.22
2015,Terrence Magee,68.5,213,4.57,22,37,115,4.37,7.52
2015,Venric Mark,66.75,175,4.38,16,32,110,4.51,7.34
2015,Lyle McCombs,67.75,171,4.57,,37.5,131,4.33,
2015,Raheem Mostert,70.38,190,4.34,20,40,132,4.3,6.9
2015,Marcus Murphy,68.63,193,4.61,11,29,109,4.4,7.13
2015,Kevin Parks,66.75,201,4.53,21,39.5,112,4.59,7.31
2015,Thomas Rawls,69,215,4.65,15,35.5,116,4.37,7.1
2015,Josh Robinson,67.88,217,4.7,21,32,113,4.58,7.24
2015,Dreamius Smith,70.63,217,4.59,21,35,124,4.05,6.9
2015,Terron Ward,65.88,197,4.49,20,29.5,107,4.29,7.2
2015,Terrell Watson,72.63,239,4.59,22,35.5,123,4.49,7.48
2015,Brandon Wegher,70.38,214,4.52,23,37,118,4.43,7.18
2015,Karlos Williams,72.75,230,4.48,16,33.5,117,4.46,7.16
2015,Kenny Williams,69.38,225,4.58,25,36,119,4.34,6.9
2015,Trey Williams,67.5,195,4.49,18,33.5,119,4.12,6.84
2015,T.J. Yeldon,73.25,226,4.61,22,36,117,4.22,7.19
2014,Antonio Andrews,70.13,225,4.82,20,29.5,104,4.49,7.24
2014,George Atkinson,73.38,218,4.48,19,38,128,4.46,7.07
2014,Kapri Bibbs,69.38,212,4.67,24,29,104,4.61,7.5
2014,Alfred Blue,74.38,223,4.63,13,32,121,4.5,7.15
2014,KaDeem Carey,69.38,207,4.7,19,32.5,114,4.38,7.08
2014,Tim Cornett,72.25,209,4.48,15,34.5,124,4.26,7.01
2014,Isaiah Crowell,71,224,4.57,23,38,116,4.56,7.28
2014,Tim Flanders,68.63,207,4.75,20,32,112,4.31,7.07
2014,David Fluellen,71.13,224,4.72,16,36.5,120,4.21,6.9
2014,Devonta Freeman,68.25,206,4.58,14,31.5,116,4.26,7.11
2014,Tyler Gaffney,71.5,220,4.49,15,36.5,115,4.18,6.78
2014,Marion Grice,72,208,4.67,14,32,115,4.41,7.06
2014,Josh Harris,69.88,206,4.46,28,35.5,119,4.21,7
2014,Jeremy Hill,72.63,233,4.56,20,29,112,4.59,7.64
2014,Carlos Hyde,71.88,230,4.62,19,34.5,113,,
2014,Storm Johnson,71.63,209,4.6,16,35.5,116,,
2014,Henry Josey,68.13,194,4.43,20,34.5,116,4.13,7.07
2014,Tre Mason,68.5,207,4.5,,38.5,125,4.15,
2014,Jerick McKinnon,68.88,209,4.41,32,40.5,132,4.12,6.83
2014,Rajion Neal,71.13,220,4.57,,38,119,4.34,7.19
2014,LaDarius Perkins,67.38,195,4.46,23,35.5,123,4.3,7.08
2014,Silas Redd,69.75,212,4.7,18,37,122,,
2014,Bishop Sankey,69.5,209,4.49,26,35.5,125,4,6.75
2014,Lache Seastrunk,69.5,201,4.51,15,41.5,134,4.36,6.81
2014,Charles Sims,72,214,4.48,17,37.5,125,4.3,7.16
2014,Jerome Smith,71.13,220,4.84,14,36,116,4.6,7.53
2014,Lorenzo Taliaferro,72.25,229,4.58,18,33,116,4.22,6.88
2014,DeAnthony Thomas,68.63,174,4.5,8,32,123,4.23,6.94
2014,Terrance West,69.25,225,4.56,16,33.5,120,4.44,7.28
2014,James White,69.13,204,4.57,23,32,113,4.2,7.05
2014,James Wilder,74.63,232,4.86,18,35,121,4.24,6.92
2014,Andre Williams,71.38,230,4.56,,38,128,4.06,7.27
2014,Damien Williams,71.25,222,4.45,16,35.5,121,4.25,7.37
2013,C.J. Anderson,68.13,224,4.6,17,32,119,4.12,7.15
2013,Montee Ball,70.5,214,4.66,15,32,118,4.4,6.88
2013,Kenjon Barner,69.25,196,4.52,20,35.5,122,4.2,6.87
2013,Le'Veon Bell,73.38,230,4.6,24,31.5,118,4.24,6.75
2013,Giovani Bernard,68.38,202,4.53,19,33.5,122,4.12,6.91
2013,Rex Burkhead,70.25,214,4.73,21,39,125,4.09,6.85
2013,Michael Cox,71.75,222,4.58,24,41,131,4.08,6.87
2013,Knile Davis,71.38,227,4.37,31,33.5,121,4.38,6.96
2013,Andre Ellington,69.25,199,4.61,,34,122,,
2013,Michael Ford,69.5,210,4.5,25,38.5,130,4.25,6.87
2013,Johnathan Franklin,70,205,4.49,18,31.5,115,4.31,6.89
2013,Mike Gillislee,71.13,208,4.55,15,30.5,119,4.4,7.12
2013,Ray Graham,69.13,199,4.8,18,32.5,112,4.21,7.17
2013,D.J. Harper,69.13,211,4.52,23,33.5,120,4.35,7.07
2013,Montel Harris,68.25,208,4.68,19,32.5,113,4.18,6.95
2013,Mike James,70.5,223,4.53,28,35,115,4.62,6.93
2013,Jawan Jamison,67.38,203,4.68,20,29,110,4.62,7.47
2013,Stefphon Jefferson,70.5,213,4.68,15,31,117,4.44,6.97
2013,Dennis Johnson,66.75,196,4.48,21,32.5,118,4.53,7.13
2013,Eddie Lacy,71,220,4.55,,33.5,,,7.33
2013,Marcus Lattimore,71.25,219,4.65,,,,,
2013,Miguel Maysonet,69,209,4.54,20,31.5,107,4.43,7.21
2013,Onterio McCalebb,70.25,168,4.34,,34,121,4.32,7.02
2013,Christine Michael,70,220,4.54,27,43,125,4.02,6.69
2013,Latavius Murray,74.63,223,4.38,22,36,124,4.36,6.81
2013,Joseph Randle,72,204,4.63,,35,123,4.23,7.01
2013,Theo Riddick,70.13,201,4.68,14,32,118,4.32,6.99
2013,Robbie Rouse,65.75,190,4.8,15,34,114,4.25,6.97
2013,Zac Stacy,68.38,216,4.55,27,33,122,4.17,6.7
2013,Stepfan Taylor,69.13,214,4.76,17,30,110,4.5,7.13
2013,Chris Thompson,67.13,192,4.42,21,35,,,
2013,Matthew Tucker,72.38,221,4.55,17,35.5,118,4.44,7.13
2013,Spencer Ware,70.13,228,4.62,17,35.5,119,4.27,7.07
2013,Kerwynn Williams,68.13,196,4.48,17,35,118,4.15,7.15
2013,George Winn,70.5,218,4.75,22,34.5,119,4.33,7.13
2013,Cierre Wood,71.25,213,4.56,16,37.5,124,4.29,6.87
2012,Edwin Baker,68,204,4.44,20,35,111,4.31,7.27
2012,Mike Ball,68.5,206,4.54,21,36,112,4.23,7.1
2012,Vick Ballard,70.25,219,4.59,23,33,115,4.19,7.03
2012,Brandon Bolden,70.88,222,4.55,21,38,119,4.44,6.96
2012,Bryce Brown,71.5,223,4.48,22,34,117,4.2,7.04
2012,Lennon Creer,71.38,219,4.67,21,33.5,110,4.4,7.26
2012,Terrance Ganaway,71.5,239,4.61,22,37.5,119,4.25,7.15
2012,Cyrus Gray,70.38,206,4.4,21,32.5,114,4.28,7.17
2012,Jonas Gray,69.75,223,4.58,20,,,,
2012,Jewel Hampton,68.63,218,4.56,26,33,115,4.3,6.98
2012,Dan Herron,69.75,213,4.57,22,35,117,4.04,6.97
2012,Ronnie Hillman,68.75,200,4.42,17,37,,,
2012,LaMichael James,68,194,4.35,15,35,123,4.12,6.88
2012,Doug Martin,69.25,223,4.46,28,36,120,4.16,6.79
2012,Davin Meggett,68.25,211,4.5,23,35,118,4.32,7.14
2012,Lamar Miller,70.75,212,4.34,,33,120,4.08,6.94
2012,Alfred Morris,69.88,219,4.63,16,35.5,117,4.19,7.01
2012,Isaiah Pead,70.13,197,4.39,,33,116,4.32,6.95
2012,Bernard Pierce,72.25,218,4.45,17,36.5,123,4.28,7.07
2012,Chris Polk,70.5,215,4.52,16,31.5,111,4.21,7.13
2012,Tauren Poole,70,205,4.48,24,34,118,4.19,7.36
2012,Chris Rainey,68.38,180,4.36,16,36.5,120,3.93,6.5
2012,Daryl Richardson,70.38,192,4.47,16,40.5,135,4.36,7.07
2012,Trent Richardson,69.25,228,4.49,25,,,,
2012,Darrell Scott,72.13,231,4.68,18,31.5,117,4.27,7.1
2012,Michael Smith,68.5,207,4.36,23,40.5,126,4.35,7.51
2012,Robert Turbin,70,222,4.42,28,36,122,4.31,7.16
2012,Marc Tyler,70.63,219,4.7,19,30.5,110,4.5,7.27
2012,Foswhitt Whittaker,69,193,4.49,20,,,,
2012,David Wilson,69.63,206,4.38,,41,132,4.12,7.09
2011,Anthony Allen,72.75,228,4.56,24,41.5,120,4.06,6.79
2011,Armando Allen,68.25,199,4.52,23,31.5,120,4.12,7.1
2011,Matt Asiata,71,229,4.77,22,30,104,4.37,7.09
2011,Baron Batch,69.63,207,4.5,24,39,126,4.32,7.03
2011,Damien Berry,70.25,211,4.58,23,33.5,120,4.12,7
2011,Allen Bradford,70.88,242,4.53,28,29,113,4.39,6.97
2011,Delone Carter,68.63,222,4.54,27,37,120,4.07,6.92
2011,John Clay,72.5,230,4.83,19,29,111,4.3,7.1
2011,Graig Cooper,70,205,4.6,18,32.5,114,4.03,6.66
2011,Noel Devine,67.5,179,4.34,24,35.5,121,4.25,6.88
2011,Shaun Draughn,70.88,213,4.73,21,34,118,4.2,7.15
2011,Darren Evans,72,227,4.56,26,35,111,4.46,6.96
2011,Mario Fannin,70.38,231,4.37,21,37.5,115,4.21,6.99
2011,Jay Finley,70.88,203,4.51,14,39.5,132,4.36,7.39
2011,Alex Green,72.25,225,4.45,20,34,114,4.15,6.91
2011,Jamie Harper,71.38,233,4.53,24,36.5,120,4.39,7.16
2011,Roy Helu,71.5,219,4.4,11,36.5,119,4.01,6.67
2011,Kendall Hunter,67.25,199,4.46,24,35,122,4.21,6.74
2011,Mark Ingram,69.13,215,4.62,21,31.5,113,4.62,7.13
2011,Taiwan Jones,71.63,194,4.53,13,32,115,4.33,7.25
2011,Mikel Leshoure,71.63,227,4.56,21,38,122,4.4,6.82
2011,Dion Lewis,66.63,193,4.56,17,34.5,112,4.18,6.9
2011,Derrick Locke,68.25,188,4.37,16,37.5,118,4.15,6.98
2011,DeMarco Murray,71.63,213,4.37,21,34.5,130,4.18,7.28
2011,Bilal Powell,70.5,207,4.52,18,,,,
2011,Stevan Ridley,71.25,225,4.65,18,36,118,4.21,6.78
2011,Jacquizz Rodgers,65.88,196,4.59,13,33,113,4.26,7.31
2011,Evan Royster,71.63,212,4.65,20,34,113,4.18,7.07
2011,Brandon Saine,71.25,220,4.4,22,34.5,113,4.25,6.98
2011,Da'Rel Scott,71,211,4.4,19,34,117,4.2,7.15
2011,Vai Taua,69.5,213,4.65,20,34.5,112,4.18,6.89
2011,Daniel Thomas,72.25,230,4.63,21,34,123,4.29,7.06
2011,Jordan Todman,68.88,203,4.4,25,38,126,4.18,7.24
2011,Shane Vereen,70.25,210,4.49,31,34,115,4.28,6.95
2011,Johnny White,69.88,209,4.5,,32.5,117,4.31,7.07
2011,Jonathan Williams,71.5,212,4.45,18,37.5,124,4.43,6.84
2011,Ryan Williams,69.38,212,4.59,19,40,123,4.18,6.96
2010,Joique Bell,71.25,220,4.68,16,36.5,120,4.17,6.84
2010,Jahvid Best,70.13,199,4.34,18,32.5,113,4.17,6.75
2010,LeGarrette Blount,72.5,241,4.7,18,35,117,4.49,6.85
2010,Chris Brown,70.38,210,4.55,17,36,115,4.49,7.12
2010,Andre Dixon,72.75,205,4.56,,40,117,4.19,6.99
2010,Anthony Dixon,72.75,233,4.67,15,33,121,4.49,7.09
2010,Jonathan Dwyer,71.25,229,4.64,15,33,107,4.67,7.56
2010,Toby Gerhart,72,231,4.5,22,38,118,4.25,6.94
2010,Montario Hardesty,71.75,225,4.49,21,41,124,4.14,6.87
2010,Brandon James,66.38,186,4.47,14,,,,
2010,Javarris James,72.25,215,4.58,21,36,115,4.24,7.07
2010,Stafon Johnson,70.88,214,4.62,13,35.5,118,4.28,7.21
2010,Deji Karim,68.63,209,4.4,19,43,123,4.33,6.95
2010,Darius Marshall,69.25,190,4.59,14,35.5,109,4.39,7.13
2010,Ryan Mathews,71.63,218,4.37,19,36,121,4.33,7
2010,Joe McKnight,71.38,198,4.4,18,36.5,120,4.48,7.12
2010,Shawnbrey McNeal,69.13,194,4.53,14,36,117,4.5,7.23
2010,Lonyae Miller,71.5,221,4.43,26,36.5,120,4.54,7.2
2010,Brandon Minor,72,214,,,,,,
2010,Pat Paschall,71.63,209,4.65,15,38.5,118,4.33,7.02
2010,Charles Scott,71.38,238,4.68,17,30.5,111,4.47,6.98
2010,C.J. Spiller,70.63,196,4.27,18,36,126,,
2010,James Starks,74.13,218,4.5,15,36,119,4.23,6.89
2010,Ben Tate,71,220,4.34,26,40.5,124,4.12,6.91
2010,Keith Toston,71.75,213,4.66,22,32,110,4.67,7.23
2010,Keiland Williams,70.88,233,4.52,16,33,,,
2009,Kahlil Bell,70.75,212,4.74,15,34.5,114,4.2,6.87
2009,Aaron Brown,72.5,200,4.49,16,40,129,4.26,7.22
2009,Andre Brown,72.13,224,4.37,24,37,115,4.33,7.35
2009,Donald Brown,70.25,210,4.46,,41.5,125,4.1,6.93
2009,Glen Coffee,72.13,209,4.5,24,36,121,4.51,7.35
2009,James Davis,71,218,4.55,17,32,109,4.37,7.15
2009,Mike Davis,69.13,202,4.67,10,32.5,113,4.23,
2009,Arian Foster,72.75,226,4.68,23,32,115,4.53,7.09
2009,Mike Goodson,71.88,208,4.46,14,39.5,118,4.22,6.89
2009,Shonn Greene,70.5,227,4.62,19,37,121,4.4,7.1
2009,P.J. Hill,70.25,222,4.63,16,37,122,4.24,7.09
2009,Rashad Jennings,73,231,4.59,29,34,120,4.2,6.86
2009,Gartrell Johnson,70.25,219,4.75,20,34,114,,
2009,Ian Johnson,71.25,212,4.41,26,33,116,4.18,6.93
2009,Jeremiah Johnson,68.88,209,4.62,20,35,115,4.26,6.94
2009,Anthony Kimble,72.25,216,4.6,17,36,122,4.4,7.08
2009,Marlon Lucky,71.38,216,4.5,18,33.5,114,,7.1
2009,LeSean McCoy,70.38,198,4.5,17,29,107,4.18,6.82
2009,Devin Moore,69.63,187,4.34,28,35,129,4.08,6.92
2009,Knowshon Moreno,70.63,217,4.5,25,35.5,115,4.27,6.84
2009,Chris Ogbonnaya,71.75,220,4.57,19,35,111,4.29,6.85
2009,Branden Ore,70.88,214,4.61,21,36,112,4.44,7.35
2009,Cedric Peerman,69.5,216,4.34,27,40,117,4.29,6.99
2009,Javon Ringer,69.13,205,4.55,23,34,115,4.11,6.87
2009,Bernard Scott,70.25,200,4.44,21,36,125,4.08,6.82
2009,Kory Sheets,71.13,208,4.39,15,37,121,4.39,7.18
2009,LaRod Stephens-Howling,66.5,180,,,,,,
2009,Tyrell Sutton,68,211,4.68,12,33,114,4.32,6.94
2009,Chris Wells,73,235,4.52,25,33.5,128,,
2009,Javarris Williams,69.5,223,4.51,25,33.5,116,4.73,7.26
2008,Anthony Alridge,69,170,4.41,,30.5,134,,6.88
2008,Yvenson Bernard,68.38,204,4.87,,29.5,112,4.73,7.22
2008,Cory Boyd,72.5,213,4.56,25,33.5,118,4.24,6.97
2008,Thomas Brown,68.38,204,4.56,25,36,128,,7.17
2008,Jamaal Charles,71,200,4.41,,30.5,122,4.22,6.8
2008,Tashard Choice,70.5,215,4.5,20,34,119,,6.88
2008,Calvin Dawson,68.5,199,,,,,,
2008,Justin Forsett,68,194,4.62,26,26.5,112,4.46,6.96
2008,Matt Forte',73.38,217,4.44,23,33,118,4.23,6.84
2008,BenJarvus Green-Ellis,70.63,219,4.66,24,30.5,114,,
2008,Mike Hart,68.88,206,4.77,23,28,110,4.33,6.91
2008,Chris Johnson,71,197,4.3,,35,130,,
2008,Felix Jones,70.13,207,4.5,13,33.5,124,4.19,6.9
2008,Rafael Little,68.75,194,,8,,,,
2008,Kregg Lumpkin,71.5,226,4.73,22,28,111,4.38,7.11
2008,Darren McFadden,73.25,211,4.38,13,33,128,4.1,6.86
2008,Kalvin McRae,69.13,203,4.76,,25.5,109,4.25,7.15
2008,Rashard Mendenhall,70.13,225,4.45,26,33.5,117,4.18,
2008,Xavier Omon,70.75,228,4.62,17,31,112,4.29,6.71
2008,Jalen Parmele,71.5,224,4.55,19,34,125,4.29,6.96
2008,Allen Patrick,72.75,198,4.55,17,36,120,4.51,7.46
2008,Ray Rice,68,199,4.46,23,31.5,119,4.2,6.65
2008,Dantrell Savage,68.25,187,4.6,13,32.5,117,4.32,
2008,Chad Simpson,68.63,216,4.43,,32.5,124,4.48,7.35
2008,Steve Slaton,69.13,197,4.49,19,33.5,118,4.27,6.74
2008,Kevin Smith,73.13,217,4.56,15,32,120,4.49,6.74
2008,Jonathan Stewart,70.25,235,4.48,28,36.5,128,4.53,7.44
2008,Marcus Thomas,72.25,213,4.62,21,30,116,,
2008,Ryan Torain,72.38,222,4.68,21,34,120,,
2008,Chauncey Washington,71.38,211,4.45,18,36,119,4.58,7.53
2007,Lorenzo Booker,70.38,191,4.5,26,35.5,121,,
2007,Ahmad Bradshaw,69.5,198,4.61,,34,112,4.09,6.7
2007,Eldra Buckley,69.5,202,4.61,14,35.5,120,4.43,7.71
2007,Thomas Clayton,70.25,218,4.66,23,36.5,121,4.42,7.28
2007,Alonzo Coleman,69.88,207,4.5,27,32.5,120,4.12,7.4
2007,Jon Cornish,71.5,206,4.65,,34,118,,7.09
2007,Kenneth Darby,70.38,211,4.76,19,30,108,4.53,7.25
2007,Chris Henry,71.25,230,4.41,26,36,127,4.14,6.96
2007,Nate Ilaoa,68.88,245,4.79,25,30,103,4.42,7.1
2007,Kenny Irons,70.63,203,4.5,11,29.5,111,4.17,7.18
2007,Brandon Jackson,69.88,210,4.56,21,37,122,4.14,7
2007,Brian Leonard,73.5,226,4.54,28,34.5,122,4.22,6.88
2007,Marshawn Lynch,71.13,215,4.48,20,35.5,125,4.55,7.05
2007,Ronnie McGill,70.88,213,,22,,,,
2007,Tyrone Moss,69.13,231,4.8,16,31,107,4.56,
2007,Adrian Peterson,73.5,217,4.41,,38.5,127,4.4,7.09
2007,Antonio Pittman,70.75,207,4.42,16,35.5,123,4.16,6.84
2007,Gary Russell,70.38,229,4.84,9,31.5,113,4.54,
2007,Kolby Smith,71.25,220,4.52,18,38,114,4.34,7.22
2007,Ramonce Taylor,70.13,195,4.5,,34,125,4.23,6.98
2007,Darius Walker,70,206,4.56,19,40.5,123,4.39,7.18
2007,D.J. Ware,72,225,4.61,21,35,121,,6.96
2007,Garrett Wolfe,67.5,186,4.4,22,35.5,116,4.08,6.69
2007,Dwayne Wright,71.5,228,4.69,14,34,115,4.43,7.23
2007,DeShawn Wynn,70.38,232,4.49,,31.5,115,,
2007,Selvin Young,71,207,4.58,,,,,
2006,Joseph Addai,71.25,214,4.43,18,37,125,4.47,7.09
2006,Chris Barclay,68.75,180,4.44,16,40,120,4.09,6.65
2006,Mike Bell,72.25,221,4.62,19,31.5,112,4.21,7.16
2006,Reggie Bush,70.88,201,4.37,24,40.5,128,,
2006,Brian Calhoun,69.25,201,4.6,18,31.5,124,4.2,7.05
2006,P.J. Daniels,70.13,214,4.66,21,33,116,4.4,7.13
2006,Maurice Drew,66.8,207,4.44,18,36,116,4.38,7.08
2006,Quinton Ganther,69.5,218,4.56,29,35,119,,7.19
2006,Ryan Gilbert,69.63,228,,,,,,
2006,Travis Glasford,68.88,190,,,,,,
2006,Marques Hagans,69.38,202,4.64,,35,114,4.38,7.03
2006,Andre Hall,68.5,208,4.45,18,33,113,4.2,7.38
2006,A.J. Harris,72.63,231,4.4,24,33,112,4.2,6.69
2006,Jerome Harrison,69.25,201,4.49,19,34.5,124,4.07,6.77
2006,Taurean Henderson,69.5,204,4.68,,32.5,112,4.4,7.01
2006,DeArrius Howard,70.63,229,4.5,20,36,119,4.2,6.98
2006,Cedric Humes,72.88,227,4.68,18,30.5,106,4.22,7.07
2006,Maurice Jones-Drew,66.75,207,4.39,18,36,116,4.38,7.08
2006,Wali Lundy,71,214,4.52,18,35,111,4.36,6.99
2006,Wendell Mathis,71.38,210,4.54,20,33,117,4.22,6.93
2006,DonTrell Moore,69.75,210,4.65,18,32,116,4.32,7.1
2006,Jerious Norwood,71.63,210,4.4,15,36.5,122,4.25,6.81
2006,Gerald Riggs,70.88,232,4.62,17,36.5,115,4.25,7.15
2006,Cory Ross,66.25,201,4.59,15,,,,
2006,Derrick Ross,70.5,226,4.53,20,35,112,4.35,7
2006,Derrick Ross,70.5,226,4.61,20,35,112,4.35,7
2006,Leon Washington,67.88,201,4.49,17,32.5,105,4.37,6.94
2006,LenDale White,72.38,238,,15,,,,
2006,Terrence Whitehead,70.13,209,4.73,,30.5,108,4.27,7.21
2006,DeAngelo Williams,69,214,4.49,25,35.5,121,4.1,6.57
2005,J.J. Arrington,68.88,214,4.45,18,35,116,4.1,6.81
2005,Marion Barber,71.38,221,4.53,20,40,122,4.17,
2005,Cedric Benson,70.5,222,4.62,21,33,,4.3,7.5
2005,DeCori Birmingham,69.75,210,4.59,14,34.5,115,4.28,7.13
2005,Nehemiah Broughton,71.5,250,4.61,25,30,108,4.28,7.54
2005,Ronnie Brown,72.25,233,4.46,18,34,117,4.08,7.1
2005,Maurice Clarett,71.63,234,4.84,22,34,113,,
2005,DeAndra Cobb,69.75,196,4.53,17,34,118,4.25,7.13
2005,Anthony Davis,66.63,200,4.53,18,38,119,,7.39
2005,Ciatrick Fason,72.75,207,4.58,,,,,
2005,Lionel Gates,71.63,222,4.72,23,36,118,4.1,7.17
2005,Frank Gore,69.38,217,4.58,,34,109,4.11,6.91
2005,Ryan Grant,73.13,215,4.5,17,33.5,115,4.12,7.08
2005,Kay-Jay Harris,72.38,241,4.6,,38,119,4.1,7.2
2005,Alex Haynes,69.88,223,4.54,21,32.5,120,3.9,
2005,Noah Herron,71,224,4.67,17,31,107,3.97,6.95
2005,Cedric Houston,70.75,225,4.61,,35,120,4.5,7.28
2005,Ray Hudson,69.75,192,4.5,15,,,,
2005,Brandon Jacobs,76.25,267,4.56,19,37,118,4.46,7.53
2005,T.A. McLendon,70.25,235,4.74,27,35,115,4.19,7.34
2005,Ryan Moats,68.25,210,4.49,19,36,116,4.1,7.22
2005,Vernand Morency,69.63,212,4.51,19,33.5,108,4.12,7.02
2005,Alvin Pearman,69.38,208,4.65,24,34,112,4.08,7.06
2005,Bobby Purify,72.38,212,4.67,15,33.5,116,4.17,7.22
2005,Walter Reyes,70,209,4.52,16,32,108,4.38,7.23
2005,Eric Shelton,73.5,246,4.57,18,38.5,122,4.08,7.46
2005,Darren Sproles,66.13,187,4.49,23,33,102,3.96,6.96
2005,Carnell Williams,70.88,217,4.43,19,35.5,118,4.15,6.94
2004,Rich Alexis,72,210,4.65,,32,114,4.43,7.41
2004,Tatum Bell,71,212,4.39,25,38.5,117,,
2004,Ran Carthon,71.4,224,4.45,22,34.5,112,4.12,
2004,Cedric Cobbs,72.1,223,4.72,,40,123,,
2004,Duron Croson,72.8,226,4.84,14,30.5,108,,
2004,Josh Davis,70.4,200,4.53,13,33.5,112,4.07,7.27
2004,Joe Echemandu,70.8,226,4.58,15,,,,
2004,Clarence Farmer,71.9,231,4.69,21,34.5,120,4.25,7.44
2004,Julius Jones,69.8,217,4.46,,37.5,121,4.12,6.97
2004,Kevin Jones,72.1,227,4.38,,38,120,,
2004,Derrick Knight,68.8,209,4.73,16,31.5,108,,
2004,Mewelde Moore,70.6,209,4.62,,35,118,4.12,7.05
2004,Jarrett Payton,72.1,220,4.61,,31,115,4.31,7.34
2004,Chris Perry,72,224,4.55,19,,,,
2004,Fred Russell,67,195,4.51,21,34,121,4.3,7.09
2004,Michael Turner,70.5,237,4.49,22,31,114,4.15,7.5
2004,Shaud Williams,67.5,193,4.71,15,34,114,4.15,7.01
2004,Quincy Wilson,69.4,225,4.6,26,33.5,118,4.36,7.68
2004,Renaldo Works,72,222,4.72,21,30.5,115,4.09,7.25
2004,Jason Wright,70.4,210,4.66,,30,111,4.12,7.35
2003,Santonio Beard,71.6,222,4.59,,31.5,119,,
2003,Kerry Carter,73.9,238,4.67,20,36,118,4.34,7.28
2003,Avon Cobourne,67.5,205,4.7,21,31.5,112,4.12,7.2
2003,Domanick Davis,69,213,4.64,22,32.5,112,4.46,7.31
2003,Dahrran Diedrick,72.1,228,4.65,19,37,117,4.42,7.3
2003,Justin Fargas,72.9,219,4.41,27,,137,,
2003,Ahmaad Galloway,71.8,223,4.65,22,,,,
2003,Earnest Graham,69.1,225,4.5,22,,,,
2003,Quentin Griffin,67,195,4.49,21,38,123,4.02,
2003,Dwone Hicks,69.6,222,4.6,29,34,115,4.37,7.38
2003,Larry Johnson,74.4,214,4.55,19,,,,
2003,Nick Maddox,71,211,4.65,18,33.5,115,4.5,7.33
2003,Sultan McCullough,71.4,202,4.49,27,,,,
2003,Musa Smith,72.8,232,4.45,,35.5,123,,
2003,Onterrio Smith,69.9,220,4.48,19,,,,
2003,LaBrandon Toefield,70.9,233,4.6,19,,,,
2003,Derek Watson,73,212,4.63,15,34,114,4.2,7.35
2003,Derrick Watson,73,212,4.63,15,34,114,4.2,7.35
2002,Jonathan Adams,73,219,4.58,15,36.5,120,4.31,6.97
2002,Brian Allen,69,209,4.46,19,33,112,4.08,6.9
2002,Damien Anderson,70.4,211,4.6,27,33.5,112,4.02,6.93
2002,Ladell Betts,70.5,220,4.6,23,38,115,4.06,7.06
2002,Joe Burns,69,213,4.81,21,31,105,,
2002,Demontray Carter,70.1,194,4.58,16,33,115,4.36,7.38
2002,Rock Cartwright,67.8,237,4.48,30,35,113,4.25,7.18
2002,Eric Crouch,71.9,195,4.49,,36,112,4.02,6.87
2002,Tony Fisher,74,226,4.66,21,41.5,126,4.13,7
2002,Delvon Flowers,72,207,4.64,15,35.5,115,,
2002,LittleJohn Flowers,71.4,214,4.75,19,34,109,4.08,7.09
2002,DeShaun Foster,73,222,4.57,20,35.5,119,4.16,6.82
2002,Lamar Gordon,72.6,214,4.59,16,34,115,,
2002,William Green,72.3,221,4.65,27,42,121,,
2002,Ennis Haywood,70.1,218,4.76,12,35,112,4.14,7.08
2002,Leonard Henry,72.9,206,4.61,26,35,105,4.29,7.11
2002,Maurice Hicks,70,200,4.64,19,,,,
2002,Dameon Hunter,70.6,219,4.66,,30.5,106,,
2002,Eric McCoo,70,214,4.55,14,32.5,111,,
2002,Dicenzo Miller,70.1,215,4.98,8,31,105,4.39,7.25
2002,Dave Minnich,71,218,4.72,12,33.5,114,,
2002,Maurice Morris,71.4,208,4.51,23,36.5,117,,
2002,Larry Ned,70.8,219,4.62,15,34.5,119,,7.12
2002,Adrian Peterson,70,214,4.69,14,34,117,4.6,7.59
2002,Tellis Redmon,71,210,4.61,20,32,113,4.14,7.08
2002,Josh Scobey,71.4,218,4.44,21,40.5,122,3.93,6.96
2002,Travis Stephens,68.1,194,4.59,15,32,121,,
2002,Chester Taylor,70.8,213,4.64,22,33,111,,
2002,Lew Thomas,69.5,210,4.59,17,36,113,4.21,6.87
2002,Brian Westbrook,68.4,200,4.59,26,37,118,,7.09
2002,Leveron Williams,75.1,224,4.66,16,,,,
2002,Ricky Williams,67.3,190,4.48,19,32.5,108,,
2001,David Allen,68.8,194,4.65,15,31,111,,
2001,Kevan Barlow,73.1,235,4.56,,32,,,
2001,Michael Bennett,69.3,207,4.44,13,39.5,130,,
2001,Derrick Blaylock,69.9,194,4.39,18,35.5,119,4.09,7.05
2001,Correll Buckhalter,73,226,4.53,11,40,,4.06,7.08
2001,Derek Combs,72.1,193,4.45,8,35,120,4.07,6.96
2001,Corey Crume,71.3,225,4.78,15,37,115,4.32,7.36
2001,Travis Henry,69.1,223,4.61,23,35.5,,,
2001,Derek Homer,68.4,194,4.58,,32.5,113,4.3,7.24
2001,James Jackson,70.4,210,4.55,,35,,,
2001,Rudi Johnson,69.6,227,4.57,24,37.5,119,4.22,7.32
2001,Lamont Jordan,70.3,234,4.57,24,37,,,
2001,Deuce McAllister,73.1,222,4.41,20,37.5,,,
2001,Travis Minor,70.1,197,4.46,9,32,115,,
2001,Hodges Mitchell,66.6,180,4.53,15,32.5,,,
2001,Marcel Shipp,70.6,222,4.75,18,32.5,115,,
2001,Anthony Thomas,73.6,229,4.62,20,32.5,115,4.44,7.48
2001,LaDainian Tomlinson,70.3,221,4.43,18,40.5,124,4.21,6.84
2001,Deonce Whitaker,66,177,4.52,23,36,,,
2001,Reggie White,71.6,228,4.59,17,37.5,114,4.4,7.48
2000,Demario Brown,72.4,217,4.74,,31,107,4.39,7.17
2000,Keith Brown,71.1,216,4.68,,30,117,4.08,6.64
2000,Trung Canidate,70.6,193,4.46,18,,,,
2000,Doug Chapman,70,215,4.59,16,38.5,128,4.2,6.84
2000,Chrys Chukwuma,73,232,4.56,,,115,,
2000,Reuben Droughns,71.3,215,4.68,13,30,115,4.41,7.34
2000,Derrick Foster,71.4,201,4.45,19,34.5,117,4.36,6.84
2000,Dante' Hall,67.8,191,4.46,18,38,123,3.82,6.62
2000,Troy Hambrick,72.1,237,4.72,21,34.5,118,4.44,7.48
2000,Thomas Hamner,72.1,197,4.54,17,32,125,4.07,6.97
2000,Marlion Jackson,73,242,4.65,24,35.5,125,4.14,7.15
2000,Ronney Jenkins,70.5,184,4.51,18,,118,,
2000,Morgan Kane,72.8,221,4.63,29,37.5,121,4.16,6.81
2000,Curtis Keaton,70,214,4.41,23,41.5,131,3.93,6.82
2000,Jamal Lewis,71.8,240,4.58,23,,,,
2000,Kevin McDougal,71.4,206,4.66,,32,108,4.12,7.08
2000,Rondell Mealey,71.6,212,4.69,,33,120,4.15,6.89
2000,Frank Moreau,73,231,4.57,23,36,117,,
2000,Chad Morton,67.6,182,4.52,18,36,121,,
2000,Travis Prentice,71.8,225,4.5,23,37,115,4.4,6.92
2000,J.R. Redmond,71.5,216,4.48,,32.5,121,,
2000,Phillip Rogers,73.1,232,4.73,19,37,124,4.31,7.21
2000,Ketric Sanford,67.5,199,4.62,12,32,118,4.3,6.63
2000,Rashon Spikes,70.5,204,4.84,13,33,113,4.47,7.18
2000,Shyrone Stith,67.4,204,4.65,13,35,111,4.14,7.14
2000,Anthony White,72.3,195,4.7,,32.5,118,4.24,7.05
2000,Destry Wright,71.3,216,4.88,15,29.5,112,4.41,7.15
